<?xml version="1.0" encoding="UTF-8"?>
<project-private xmlns="http://www.netbeans.org/ns/project-private/1">
    <editor-bookmarks xmlns="http://www.netbeans.org/ns/editor-bookmarks/2" lastBookmarkId="2"/>
    <open-files xmlns="http://www.netbeans.org/ns/projectui-open-files/2">
        <group>
            <file>file:/C:/Users/w_vil/OneDrive/Documents/NetBeansProjects/Conectar/src/conectar/Conexion.java</file>
            <file>file:/C:/Users/w_vil/OneDrive/Documents/NetBeansProjects/Conectar/src/conectar/App.java</file>
        </group>
    </open-files>
</project-private>
